"Product URL","Product Name","Product Rating","Number Of Reviews","Product Price"
"https://www.amazon.in/sspa/click?ie=UTF8&spc=MTozODYxNTgwMTIzNjkyNTQwOjE2NzkzMjUwODA6c3BfYXRmX25leHQ6MjAwMjQzNTUzMDEyMDY6OjA6Og&url=%2FCOSMUS-Polyester-Osaka-Laptop-Backpack%2Fdp%2FB07KP64RCC%2Fref%3Dsr_1_145_sspa%3Fcrid%3D2M096C6104MLT%26gid%3D1653308124%26keywords%3Dbags%26qid%3D1679325080%26sprefix%3Dba%252Caps%25252%26sr%3D8-145-spons%26sp_csd%3Dd2lkZ2V0TmFtZT1zcF9hdGZfbmV4dA%26psc%3D1","COSMUS Osaka 15.6 Inch Laptop Backpack","4.2 out of 5 stars","(712)","₹1,337"
"https://www.amazon.in/sspa/click?ie=UTF8&spc=MTozODYxNTgwMTIzNjkyNTQwOjE2NzkzMjUwODA6c3BfYXRmX25leHQ6MjAxMTQ0MTQyMjg1OTg6OjA6Og&url=%2FEUME-Black-Laptop-Backpack-2400011_A_BuyMore%2Fdp%2FB07JQ4P6HZ%2Fref%3Dsr_1_146_sspa%3Fcrid%3D2M096C6104MLT%26gid%3D1653308124%26keywords%3Dbags%26qid%3D1679325080%26sprefix%3Dba%252Caps%25252%26sr%3D8-146-spons%26sp_csd%3Dd2lkZ2V0TmFtZT1zcF9hdGZfbmV4dA%26psc%3D1%26smid%3DAPBFC7AMQ4Q38","EUME Alexis 31 Ltrs Laptop Backpack for Office & Travel Use for Men & Women | Water Resistance Bag | Fit Up to 15.6-inch Laptop","4.3 out of 5 stars","(116)","₹2,449"
"https://www.amazon.in/Clownfish-Trident-Laptop-Briefcase-Messenger/dp/B079HZJTK2/ref=sr_1_147?crid=2M096C6104MLT&gid=1653308124&keywords=bags&qid=1679325080&sprefix=ba%2Caps%252&sr=8-147","The Clownfish Trident Series Laptop Briefcase 15.6 inch Laptop Bag Messenger Bag (Dark Brown)","4.4 out of 5 stars","(236)","₹2,149"
"https://www.amazon.in/MY-FAV-Waterproof-Backpack-Digital/dp/B085W9ZY93/ref=sr_1_148?crid=2M096C6104MLT&gid=1653308124&keywords=bags&qid=1679325080&sprefix=ba%2Caps%252&sr=8-148","My Fav 3D Printed Bag Backpack, Casual School College, Sports Laptop Backpack for Men, Women Outdoor Travel Lightweight Bag (30 L) (Multicolour)","3.9 out of 5 stars","(23)","₹899"
"https://www.amazon.in/Tabelito-Laptop-Backpack-15-6-inch-Repellent/dp/B08Y3KCN32/ref=sr_1_149?crid=2M096C6104MLT&gid=1653308124&keywords=bags&qid=1679325080&sprefix=ba%2Caps%252&sr=8-149","Tabelito® Casual 15.6 Inch Laptop Bag (39.6cm), 25 LTR Water Repellent Backpack Laptop Apple/ Dell/ Lenovo/ Asus/ Hp/ Samsung/ Mi/ MacBook/ Ultrabook/ Thinkpad/ Ideapad/ Surfacepro Men Women (Blue)","4.2 out of 5 stars","(1,597)","₹549"
"https://www.amazon.in/Purewild-Stylish-Shoulder-Business-College/dp/B07W7T9K5H/ref=sr_1_145?crid=2M096C6104MLT&gid=1653308124&keywords=bags&qid=1679325080&sprefix=ba%2Caps%252&sr=8-145","PureWild Men's/Boys Casual Messenger Sling Cross Body One Side Polyester Shoulder Bag For Travel Office Business College (30 X 33 CM) 12 Liters","3.9 out of 5 stars","(636)","₹349"
"https://www.amazon.in/House-Quirk-Maternity-Backpack-Elephant/dp/B07QV7SH4S/ref=sr_1_146?crid=2M096C6104MLT&gid=1653308124&keywords=bags&qid=1679325080&sprefix=ba%2Caps%252&sr=8-146","House of Quirk Baby Diaper Bag Maternity Backpack","4.4 out of 5 stars","(966)","₹1,199"
"https://www.amazon.in/Gear-Vintage2-Leather-Backpack-LBPVG2LTH0101/dp/B07G44G1DC/ref=sr_1_147?crid=2M096C6104MLT&gid=1653308124&keywords=bags&qid=1679325080&sprefix=ba%2Caps%252&sr=8-147","Gear Vintage2 28L Faux Leather Water Resistant Anti Theft Laptop Bag/Backpack for Men/Women-Black","4.4 out of 5 stars","(1,686)","₹1,030"
"https://www.amazon.in/FUR-JADEN-Waterproof-Charging-BM25_Grey/dp/B07FM9BSKW/ref=sr_1_148?crid=2M096C6104MLT&gid=1653308124&keywords=bags&qid=1679325080&sprefix=ba%2Caps%252&sr=8-148","FUR JADEN 15.6 Anti Theft Laptop Backpack with USB Charging Port Unisex Bag for College Office Suitable for Men Women","4.0 out of 5 stars","(5,803)","₹789"
"https://www.amazon.in/Wooum-Stylish-Messenger-Shoulder-Office/dp/B09KKGRP7C/ref=sr_1_149?crid=2M096C6104MLT&gid=1653308124&keywords=bags&qid=1679325080&sprefix=ba%2Caps%252&sr=8-149","Wooum Dark Grey Stylish Sling Cross Body Bag/Messenger Bag/Shoulder Bag/One Side Bag/Office Bag For Men and Women","4.1 out of 5 stars","(77)","₹349.60"
"https://www.amazon.in/sspa/click?ie=UTF8&spc=MTozODYxNTgwMTIzNjkyNTQwOjE2NzkzMjUwODA6c3BfbXRmOjIwMTMwNDkyNTUyNTk4OjowOjo&url=%2FSCUFFLE-Thunder-Backpack-upto17-3inch-Raincover%2Fdp%2FB0BXLW2PD4%2Fref%3Dsr_1_150_sspa%3Fcrid%3D2M096C6104MLT%26gid%3D1653308124%26keywords%3Dbags%26qid%3D1679325080%26sprefix%3Dba%252Caps%25252%26sr%3D8-150-spons%26sp_csd%3Dd2lkZ2V0TmFtZT1zcF9tdGY%26psc%3D1","SCUFFLE Thunder 45 L Unisex Waterproof Laptop Backpack Travel Hiking Fits Upto 17.3 inch with Raincover and Backpack Rucksack College Bag","","M.R.P:","₹780"
"https://www.amazon.in/sspa/click?ie=UTF8&spc=MTozODYxNTgwMTIzNjkyNTQwOjE2NzkzMjUwODA6c3BfbXRmOjIwMDE1OTQ2MzU1Mzk4OjowOjo&url=%2FLunars-Laptop-Office-Water-Resistant%2Fdp%2FB09MF6RY9J%2Fref%3Dsr_1_151_sspa%3Fcrid%3D2M096C6104MLT%26gid%3D1653308124%26keywords%3Dbags%26qid%3D1679325080%26sprefix%3Dba%252Caps%25252%26sr%3D8-151-spons%26sp_csd%3Dd2lkZ2V0TmFtZT1zcF9tdGY%26psc%3D1","Lunar's 45 L Laptop Office/School/Travel/Business Backpack Water Resistant - Fits Up to 15.6 Inch Laptop Notebook with 1 Year Warranty","3.9 out of 5 stars","(128)","₹899"
"https://www.amazon.in/DZert-Kids-Grey-School-Years/dp/B07QD1M3R9/ref=sr_1_152?crid=2M096C6104MLT&gid=1653308124&keywords=bags&qid=1679325080&sprefix=ba%2Caps%252&sr=8-152","DZert Kids School Bag Soft Plush Backpacks Cartoon Boys Girls Baby (2-5 Years)","3.7 out of 5 stars","(3,003)","₹219"
"https://www.amazon.in/b4bags-Womens-Denim-Small-Mobile/dp/B07P2JWCZX/ref=sr_1_153?crid=2M096C6104MLT&gid=1653308124&keywords=bags&qid=1679325080&sprefix=ba%2Caps%252&sr=8-153","b4bags Mobile Pouch for Women | Stylish Denim Mobile Sling Bag for Women | Phone Pouch For Girls | Small cross bags Wallet Mini sling bags for women Mobile Purse for Ladies | Gifts for Women","4.2 out of 5 stars","(1,090)","₹449"
"https://www.amazon.in/F-Gear-String-Polyester-33-cms-Black-Drawstring-Gym-Bag/dp/B07PC28YQ9/ref=sr_1_154?crid=2M096C6104MLT&gid=1653308124&keywords=bags&qid=1679325080&sprefix=ba%2Caps%252&sr=8-154","F Gear String 11 Ltrs Nylon Black Gym Bag","4.0 out of 5 stars","(436)","₹189"
"https://www.amazon.in/Lenovo-Laptop-Backpack-15-6-Inch-GX40Q17225/dp/B075Y72PHZ/ref=sr_1_155?crid=2M096C6104MLT&gid=1653308124&keywords=bags&qid=1679325080&sprefix=ba%2Caps%252&sr=8-155","Lenovo Casual Laptop Backpack B210 15.6-inch(39.6cm) Water Repellent Black","4.2 out of 5 stars","(54,719)","₹799"
"https://www.amazon.in/Favria-Unisex-Polyester-Grey-Black/dp/B076F66K49/ref=sr_1_156?crid=2M096C6104MLT&gid=1653308124&keywords=bags&qid=1679325080&sprefix=ba%2Caps%252&sr=8-156","Favria Polyester Water Resistant CrossBody Messenger Sling Bag for Men and Women","3.7 out of 5 stars","(326)","₹474"
"https://www.amazon.in/Half-Moon-Waterproof-Backpack-Students/dp/B0BQFVH29F/ref=sr_1_157?crid=2M096C6104MLT&gid=1653308124&keywords=bags&qid=1679325080&sprefix=ba%2Caps%252&sr=8-157","Half Moon 35 L Casual Waterproof Laptop Bag/Backpack for Men Women Boys Girls/Office School College Teens & Students with Rain Cover (18 Inch) (Sky Blue)","4.6 out of 5 stars","(6)","₹699"
"https://www.amazon.in/Wooum-Mobile-Travel-Messenger-Leather/dp/B0B24ZG3J3/ref=sr_1_158?crid=2M096C6104MLT&gid=1653308124&keywords=bags&qid=1679325080&sprefix=ba%2Caps%252&sr=8-158","Wooum Slim Cross Body Travel Mobile Pouch Sling Messenger Bag for Women Girls lady's Mobile Bag","4.1 out of 5 stars","(67)","₹284.05"
"https://www.amazon.in/Clownfish-Bliss-Leather-Unisex-Crossbody/dp/B08QW2FQQP/ref=sr_1_159?crid=2M096C6104MLT&gid=1653308124&keywords=bags&qid=1679325080&sprefix=ba%2Caps%252&sr=8-159","The Clownfish Unisex Leather Bag Stylish Messenger Bag Side Bag Shoulder Bag Men Long Flap Sling Bags Cross Body Bag Office Bag Business Bag And Travel Sling Small Bag for Men","4.2 out of 5 stars","(94)","₹799"
"https://www.amazon.in/sspa/click?ie=UTF8&spc=MTozODYxNTgwMTIzNjkyNTQwOjE2NzkzMjUwODA6c3BfYnRmOjIwMTExMDgzODQ0Mjk4OjowOjo&url=%2FClownfish-Fusion-Backpack-Laptops-Mustard%2Fdp%2FB07NDVJW44%2Fref%3Dsr_1_160_sspa%3Fcrid%3D2M096C6104MLT%26gid%3D1653308124%26keywords%3Dbags%26qid%3D1679325080%26sprefix%3Dba%252Caps%25252%26sr%3D8-160-spons%26sp_csd%3Dd2lkZ2V0TmFtZT1zcF9idGY%26psc%3D1","The Clownfish Fusion Series 27 litres Laptop Backpack for 15.6 Inch Laptops (Mustard)","4.2 out of 5 stars","(243)","₹1,299"
"https://www.amazon.in/sspa/click?ie=UTF8&spc=MTozODYxNTgwMTIzNjkyNTQwOjE2NzkzMjUwODA6c3BfYnRmOjIwMTIyOTI3MjUxODk4OjowOjo&url=%2FRed-Lemon-Backpack-Charging-Resistant%2Fdp%2FB09WYVR9Y1%2Fref%3Dsr_1_161_sspa%3Fcrid%3D2M096C6104MLT%26gid%3D1653308124%26keywords%3Dbags%26qid%3D1679325080%26sprefix%3Dba%252Caps%25252%26sr%3D8-161-spons%26sp_csd%3Dd2lkZ2V0TmFtZT1zcF9idGY%26psc%3D1","Red Lemon Arctic Hunter Laptop Backpack with USB Charging for 15.6 Inch Laptop, Business Travel Bag with Luggage Strap, Water Resistant Backpack Casual Travel Backpack for Men & Woman","3.8 out of 5 stars","(24)","₹2,199"