"Product URL","Product Price","Product Name","Product Rating","Number Of Reviews"
"https://aax-eu.amazon.in/x/c/RGzECSpVGTUrwvLp0IPn0fEAAAGG_46lBgMAAAH2AQBvbm9fdHhuX2JpZDMgICBOL0EgICAgICAgICAgICDnl21b/https://www.amazon.in/stores/page/7D24B90F-A5B3-40BF-908D-DFED5F5A36CB/?_encoding=UTF8&store_ref=SB_A0209379XW5D27WWAMN8&pd_rd_plhdr=t&aaxitk=2403401384d8e4755cb892bd9988175b&hsa_cr_id=0&lp_asins=B09C1VVGJ8%2CB09CTH3WSC%2CB09C1ZHVNT&lp_query=bags&lp_slot=auto-sparkle-hsa-tetris&ref_=sbx_be_s_sparkle_mcd_bkgd&pd_rd_w=jkuxx&content-id=amzn1.sym.8a1dccd3-4f75-45bf-a5e9-1ba7bf6c25a5%3Aamzn1.sym.8a1dccd3-4f75-45bf-a5e9-1ba7bf6c25a5&pf_rd_p=8a1dccd3-4f75-45bf-a5e9-1ba7bf6c25a5&pf_rd_r=QHM83TZEHACYAGRTYXPF&pd_rd_wg=jXMvb&pd_rd_r=442b6798-7f6a-4ae4-9433-43d180e151cf","₹635.00","","",""
"","","","",""
"https://www.amazon.in/sspa/click?ie=UTF8&spc=MTo4MDY1NTcwNjM0NDcyODQ3OjE2NzkzMjQ3ODM6c3BfYXRmX25leHQ6MjAxMDU0NTE4NTE1OTg6OjA6Og&url=%2Fuppercase-Professional-Backpack-resistant-sustainable%2Fdp%2FB0BR1D4SL1%2Fref%3Dsr_1_33_sspa%3Fcrid%3D2M096C6104MLT%26gid%3D1653308124%26keywords%3Dbags%26qid%3D1679324783%26sprefix%3Dba%252Caps%25252%26sr%3D8-33-spons%26sp_csd%3Dd2lkZ2V0TmFtZT1zcF9hdGZfbmV4dA%26psc%3D1","₹1,800","uppercase Apex Professional Laptop Backpack (15.6 Inch) 3x more water resistant sustainable bags with rain proof zippers for Men, Women, Boys and Girls, 750 Days warranty","4.9 out of 5 stars","(17)"
"https://www.amazon.in/sspa/click?ie=UTF8&spc=MTo4MDY1NTcwNjM0NDcyODQ3OjE2NzkzMjQ3ODM6c3BfYXRmX25leHQ6MjAxMTM3ODgxNzUxOTg6OjA6Og&url=%2FHEROZ-Backpack-Resistant-Durable-Notebook%2Fdp%2FB08BYQZYYC%2Fref%3Dsr_1_34_sspa%3Fcrid%3D2M096C6104MLT%26gid%3D1653308124%26keywords%3Dbags%26qid%3D1679324783%26sprefix%3Dba%252Caps%25252%26sr%3D8-34-spons%26sp_csd%3Dd2lkZ2V0TmFtZT1zcF9hdGZfbmV4dA%26psc%3D1","₹1,349","HEROZ Hammer Unisex Nylon 45 L Travel Laptop Backpack Water Resistant Slim Durable Fits Up to 17.3 Inch Laptop Notebook (All) (Navy Blue & Sky Blue)","4.3 out of 5 stars","(7,730)"
"https://www.amazon.in/Half-Moon-Backpack-Luggage-Compartment/dp/B09VCLZ3K4/ref=sr_1_35?crid=2M096C6104MLT&gid=1653308124&keywords=bags&qid=1679324783&sprefix=ba%2Caps%252&sr=8-35","₹849","Half Moon Large 37L Laptop Bag Backpack for menं Women Boys and Girls Luggage Travel Bags with 17.3 inches Laptop Compartment & Rain Cover","3.9 out of 5 stars","(2,340)"
"https://www.amazon.in/Nivia-5183-Polyester-Duffle-Medium/dp/B071KNXQ7Y/ref=sr_1_36?crid=2M096C6104MLT&gid=1653308124&keywords=bags&qid=1679324783&sprefix=ba%2Caps%252&sr=8-36","₹528","NIVIA Beast Gym Bag-4 Polyester/Unisex Gym Bags/Shoulder Bag for Men & Women with Separate Shoes Compartment/Carry Gym Accessories/Fitness Bag/Sports & Travel Bag/Sports Kit","4.2 out of 5 stars","(3,761)"
"https://www.amazon.in/Lenovo-15-6-Inches-Everyday-Backpack/dp/B08R7RPVJF/ref=sr_1_37?crid=2M096C6104MLT&gid=1653308124&keywords=bags&qid=1679324783&sprefix=ba%2Caps%252&sr=8-37","₹652","Lenovo 15.6"" (39.62cm) Slim Everyday Backpack, Made in India, Compact, Water-resistant, Organized storage:Laptop sleeve,tablet pocket,front workstation,2-side pockets,Padded adjustable shoulder straps","4.4 out of 5 stars","(2,724)"
"https://www.amazon.in/ADISA-BP005-Weight-Casual-Backpack/dp/B07F3X45WZ/ref=sr_1_38?crid=2M096C6104MLT&gid=1653308124&keywords=bags&qid=1679324783&sprefix=ba%2Caps%252&sr=8-38","₹499","ADISA Light Weight Laptop Backpack 32 Ltrs","4.0 out of 5 stars","(5,645)"
"https://www.amazon.in/F-Gear-Luxur-Brown-Backpack/dp/B01F7AX9ZA/ref=sr_1_39?crid=2M096C6104MLT&gid=1653308124&keywords=bags&qid=1679324783&sprefix=ba%2Caps%252&sr=8-39","₹1,032","F Gear Luxur Brown 25 liter Laptop Backpack (2404)","4.4 out of 5 stars","(16,462)"
"https://www.amazon.in/Safari-Laptop-Backpack-Resistant-Fabric/dp/B09B28TKLG/ref=sr_1_40?crid=2M096C6104MLT&gid=1653308124&keywords=bags&qid=1679324783&sprefix=ba%2Caps%252&sr=8-40","₹799","Safari Quill Laptop Backpack 26 Ltrs Water Resistant Fabric - Blue, L (QUILL19CBBLU)","4.1 out of 5 stars","(493)"
"https://www.amazon.in/AirCase-C34-Laptop-Backpack-Women/dp/B07QN4KXWG/ref=sr_1_41?crid=2M096C6104MLT&gid=1653308124&keywords=bags&qid=1679324783&sprefix=ba%2Caps%252&sr=8-41","₹929","AirCase Laptop Bag Backpack Case Pouch for Laptop Backpack for Men & Women,Premium Vegan Leather","3.9 out of 5 stars","(751)"
"https://www.amazon.in/Hilfiger-Joshua-Backpack-TH-JOSHUALAP01/dp/B07N8GRWTZ/ref=sr_1_42?crid=2M096C6104MLT&gid=1653308124&keywords=bags&qid=1679324783&sprefix=ba%2Caps%252&sr=8-42","₹2,239","Tommy Hilfiger Joshua 15 inch 21 Ltrs Light Grey Laptop Backpack (TH/JOSHUALAP07)","3.9 out of 5 stars","(399)"
"https://www.amazon.in/sspa/click?ie=UTF8&spc=MTo4MDY1NTcwNjM0NDcyODQ3OjE2NzkzMjQ3ODM6c3BfbXRmOjIwMTA4NDc1MDc0Njk4OjowOjo&url=%2Fuppercase-Professional-Backpack-resistant-sustainable%2Fdp%2FB0BRMWDNZ7%2Fref%3Dsr_1_43_sspa%3Fcrid%3D2M096C6104MLT%26gid%3D1653308124%26keywords%3Dbags%26qid%3D1679324783%26sprefix%3Dba%252Caps%25252%26sr%3D8-43-spons%26sp_csd%3Dd2lkZ2V0TmFtZT1zcF9tdGY%26psc%3D1","₹2,400","uppercase 26 Ltrs Ryder Professional Laptop Backpack (15.6 Inch) 3x more water resistant sustainable bags with rain proof zippers for Men, Women, Boys and Girls, 750 Days warranty","4.7 out of 5 stars","(19)"
"https://www.amazon.in/sspa/click?ie=UTF8&spc=MTo4MDY1NTcwNjM0NDcyODQ3OjE2NzkzMjQ3ODM6c3BfbXRmOjIwMTEwMDY3NTg0ODk4OjowOjo&url=%2FRed-Lemon-Unisex-adult-Waterproof-Charging%2Fdp%2FB09VGP6H2Y%2Fref%3Dsr_1_44_sspa%3Fcrid%3D2M096C6104MLT%26gid%3D1653308124%26keywords%3Dbags%26qid%3D1679324783%26sprefix%3Dba%252Caps%25252%26sr%3D8-44-spons%26sp_csd%3Dd2lkZ2V0TmFtZT1zcF9tdGY%26psc%3D1","₹1,899","Red Lemon Unisex-adult Bange Series Rhombus Shell Design Waterproof Sling Bag with USB Charging","4.1 out of 5 stars","(56)"
"https://www.amazon.in/Girls-1522-Polyester-Designer-Waterproof-Bag-Backpack/dp/B08F9SFYXQ/ref=sr_1_45?crid=2M096C6104MLT&gid=1653308124&keywords=bags&qid=1679324783&sprefix=ba%2Caps%252&sr=8-45","₹714","BEAUTY GIRLS BY HOTSHOT 1522|School Bag|Tuition Bag|College Backpack|ForGirls&Women|Waterproof Bag","4.1 out of 5 stars","(1,027)"
"https://www.amazon.in/Zipline-Nexa-Resistant-Bagpack-Backpack/dp/B08WQ668WJ/ref=sr_1_46?crid=2M096C6104MLT&gid=1653308124&keywords=bags&qid=1679324783&sprefix=ba%2Caps%252&sr=8-46","₹843","Zipline Unisex Casual Polyester 36 L Backpack School Bag Women Men Boys Girls Children Daypack College Bag Book School Sports Bag","3.7 out of 5 stars","(738)"
"https://www.amazon.in/American-Tourister-AMT-SCH-BAG01/dp/B07CJCFNZG/ref=sr_1_47?crid=2M096C6104MLT&gid=1653308124&keywords=bags&qid=1679324783&sprefix=ba%2Caps%252&sr=8-47","₹1,139","American Tourister Casual Backpack","4.1 out of 5 stars","(14,461)"
"https://www.amazon.in/F-Gear-Enzo-Black-Blue-Waist-Bag/dp/B0862LXJYT/ref=sr_1_48?crid=2M096C6104MLT&gid=1653308124&keywords=bags&qid=1679324783&sprefix=ba%2Caps%252&sr=8-48","₹200","F Gear Enzo Sports Waist Bag (.Black Blue)","4.2 out of 5 stars","(1,111)"
"https://www.amazon.in/HEROZ-Backpack-Resistant-Computer-17-3-inch/dp/B083N3DCTM/ref=sr_1_49?crid=2M096C6104MLT&gid=1653308124&keywords=bags&qid=1679324783&sprefix=ba%2Caps%252&sr=8-49","₹1,439","HEROZ Hacker 50 litres Nylon Travel Laptop Backpack Water Resistant Slim Durable Computer Book Bag Tracking Fits Up to 17.3-inch Laptop (058- ALL) (Navy Blue)","4.1 out of 5 stars","(3,717)"
"https://www.amazon.in/Dell-Pro-Slim-Backpack-15/dp/B07PMQTB6T/ref=sr_1_50?crid=2M096C6104MLT&gid=1653308124&keywords=bags&qid=1679324783&sprefix=ba%2Caps%252&sr=8-50","₹1,599","Dell Pro Slim Backpack 15 - PO1520PS - Fits Most laptops up to 38.1 cm (15 inches, Black)","4.3 out of 5 stars","(397)"
"https://www.amazon.in/Puma-76855-teamGOAL-Backpack-Core/dp/B07XJPLL27/ref=sr_1_51?crid=2M096C6104MLT&gid=1653308124&keywords=bags&qid=1679324783&sprefix=ba%2Caps%252&sr=8-51","₹939","Puma Unisex teamGOAL 23 Backpack Core Black X","4.3 out of 5 stars","(2,620)"
"https://www.amazon.in/Backpack-Business-Resistant-Computer-Notebook/dp/B07GLRSVNZ/ref=sr_1_52?crid=2M096C6104MLT&gid=1653308124&keywords=bags&qid=1679324783&sprefix=ba%2Caps%252&sr=8-52","₹439","OPTIMA Laptop Backpack of OPT-262/263/273/274/1395/1396","3.9 out of 5 stars","(4,630)"
"https://www.amazon.in/sspa/click?ie=UTF8&spc=MTo4MDY1NTcwNjM0NDcyODQ3OjE2NzkzMjQ3ODM6c3BfYnRmOjIwMTExODI1MjI3OTk4OjowOjo&url=%2FGenie-Clara-Backpack-Women-compartments%2Fdp%2FB097JJGR1N%2Fref%3Dsr_1_53_sspa%3Fcrid%3D2M096C6104MLT%26gid%3D1653308124%26keywords%3Dbags%26qid%3D1679324783%26sprefix%3Dba%252Caps%25252%26sr%3D8-53-spons%26sp_csd%3Dd2lkZ2V0TmFtZT1zcF9idGY%26psc%3D1","₹1,025","Genie Clara Backpack for Women - 3 compartments, Laptop Bags for Girls, Stylish and Trendy College Backpacks for Girls, Water Resistant and Lightweight Bags for Office and Travelling Purpose.","4.2 out of 5 stars","(56)"
"https://www.amazon.in/sspa/click?ie=UTF8&spc=MTo4MDY1NTcwNjM0NDcyODQ3OjE2NzkzMjQ3ODM6c3BfYnRmOjIwMTA1NDUxODUxNDk4OjowOjo&url=%2Fuppercase-Professional-resistant-sustainable-Anti-theft%2Fdp%2FB0BR179L65%2Fref%3Dsr_1_54_sspa%3Fcrid%3D2M096C6104MLT%26gid%3D1653308124%26keywords%3Dbags%26qid%3D1679324783%26sprefix%3Dba%252Caps%25252%26sr%3D8-54-spons%26sp_csd%3Dd2lkZ2V0TmFtZT1zcF9idGY%26psc%3D1","₹1,900","uppercase SealPro Professional Laptop Backpack (15.6 Inch) 3x more water resistant sustainable bags with rain proof zippers & Anti-theft for Men, Women, Boys and Girls, 750 Days warranty","4.9 out of 5 stars","(23)"
"https://aax-eu.amazon.in/x/c/RBUecWxC09jqVa6m1I199hYAAAGG_46k_QMAAAH2AQBvbm9fdHhuX2JpZDEgICBOL0EgICAgICAgICAgICDZ2ZbX/https://www.amazon.in/dp/B08NHH8Q5X?pd_rd_i=B08NHH8Q5X&pf_rd_p=ae694cc5-132b-4ca2-a543-9d6ce458829e&pf_rd_r=QHM83TZEHACYAGRTYXPF&pd_rd_wg=TNP5J&pd_rd_w=8wv6I&pd_rd_r=661223a1-e6a2-4ebb-af1b-94950715ed90","₹1,199","Lunar's Unisex 50L Water Resistant Office/Travel/Business Laptop Backpack, Bag for up to 17.3 inch Laptop/MacBook with rain Cover and 2 Large compartments","4.0 out of 5 stars","(2,482)"
"https://www.amazon.in/s/?k=bags+for+girls&ref=sugsr_0&pd_rd_w=e4IwP&content-id=amzn1.sym.6705d6dc-26d1-4cee-9638-634bef10528d:amzn1.sym.6705d6dc-26d1-4cee-9638-634bef10528d&pf_rd_p=6705d6dc-26d1-4cee-9638-634bef10528d&pf_rd_r=QHM83TZEHACYAGRTYXPF&pd_rd_wg=TNP5J&pd_rd_r=661223a1-e6a2-4ebb-af1b-94950715ed90&qid=1679324783","","","","skybags"
"","","","",""
"https://aax-eu.amazon.in/x/c/RBtF62W2JXKSD7GvuQQ_B1IAAAGG_46lPwMAAAH2AQBvbm9fdHhuX2JpZDEgICBOL0EgICAgICAgICAgICBap1F0/https://www.amazon.in/stores/page/577E58EF-44EF-42C3-AA05-BD1C0193ACC0/?_encoding=UTF8&store_ref=SB_A09138173D9TZ2WIMTWBE&pd_rd_plhdr=t&aaxitk=5674740a4b10498b1295d027021f3670&hsa_cr_id=0&lp_asins=B07QHMKHWH%2CB07SRGQ2R4%2CB084VQLJL8&lp_query=bags&lp_slot=desktop-hsa-3psl&ref_=sbx_be_s_3psl_mbd_bkgd&pd_rd_w=17TZw&content-id=amzn1.sym.3782b4d8-6773-4e66-8793-e7e6e9a9d8d2%3Aamzn1.sym.3782b4d8-6773-4e66-8793-e7e6e9a9d8d2&pf_rd_p=3782b4d8-6773-4e66-8793-e7e6e9a9d8d2&pf_rd_r=QHM83TZEHACYAGRTYXPF&pd_rd_wg=M8EEZ&pd_rd_r=773cd159-7733-41d8-84f6-1dc6ddc4d5df","","","",""
"","","","","or"
"","","","",""